Ano,Mês,Temperatura Média Mensal (°C),Precipitação Média Mensal (m)
1940,1,22.695892,0.0065325
1940,2,22.467133,0.0043686167
1940,3,22.51648,0.0024479995
1940,4,20.72586,0.0033105426
1940,5,18.328003,0.007859008
1940,6,16.496826,0.006659823
1940,7,15.799225,0.0059309453
1940,8,14.489258,0.0020763848
1940,9,16.404327,0.0054174527
1940,10,17.971924,0.0024971946
1940,11,19.672516,0.0062290765
1940,12,23.244537,0.006149763
1941,1,23.10965,0.005070056
1941,2,22.824158,0.0040049446
1941,3,21.162476,0.0036024589
1941,4,20.901123,0.006037235
1941,5,18.025238,0.0065325983
1941,6,14.777985,0.005073202
1941,7,14.496887,0.004232961
1941,8,17.440735,0.0031720016
1941,9,14.735931,0.00326346
1941,10,19.007202,0.007492748
1941,11,21.491669,0.0060219574
1941,12,22.229095,0.00580652
1942,1,23.072235,0.0053913803
1942,2,23.520477,0.0046227947
1942,3,22.026917,0.005652367
1942,4,19.30487,0.0029600733
1942,5,15.534424,0.0061230566
1942,6,12.604218,0.0017465856
1942,7,12.95163,0.0012825328
1942,8,15.695801,0.00097113295
1942,9,19.667328,0.0011573264
1942,10,20.584778,0.0026022405
1942,11,22.116486,0.0022875548
1942,12,23.221863,0.0018113495
1943,1,24.44226,0.0030807888
1943,2,23.310669,0.005114533
1943,3,23.125122,0.00292561
1943,4,19.742554,0.0018103361
1943,5,18.1456,0.0018924889
1943,6,16.12387,0.0015955527
1943,7,16.09732,0.0014025281
1943,8,13.201233,0.0025014738
1943,9,17.939056,0.002313517
1943,10,19.09253,0.004290261
1943,11,22.447601,0.0014399702
1943,12,23.580261,0.0025397227
1944,1,23.285004,0.0049792877
1944,2,23.55542,0.0040537473
1944,3,22.19516,0.0026989519
1944,4,19.898346,0.0019499899
1944,5,18.40561,0.003461227
1944,6,16.678253,0.0036015506
1944,7,17.0943,0.0012621278
1944,8,18.134918,0.0039226213
1944,9,19.792328,0.0041502435
1944,10,20.081573,0.005421757
1944,11,20.875977,0.0028287154
1944,12,22.469696,0.002557336
1945,1,22.867645,0.0048545157
1945,2,22.718811,0.007520693
1945,3,22.278168,0.0027088171
1945,4,20.62796,0.0020016893
1945,5,17.708405,0.0012263341
1945,6,15.130188,0.001834067
1945,7,15.425079,0.003770088
1945,8,17.389801,0.0042881067
1945,9,17.92041,0.006558646
1945,10,19.319366,0.0064545698
1945,11,20.63034,0.004162127
1945,12,23.09729,0.0034179797
1946,1,23.368103,0.0068455865
1946,2,23.253876,0.0075824074
1946,3,21.999268,0.0059339027
1946,4,19.62674,0.003950055
1946,5,17.57257,0.0037441847
1946,6,14.668335,0.004114599
1946,7,13.039124,0.0030121172
1946,8,15.472504,0.0047325767
1946,9,18.378204,0.004318173
1946,10,19.20337,0.0066645686
1946,11,21.648438,0.005252858
1946,12,21.369843,0.0075091342
1947,1,23.680176,0.0075019416
1947,2,23.435394,0.0062942808
1947,3,21.571167,0.0033517987
1947,4,19.917236,0.0048825545
1947,5,17.185303,0.0034198724
1947,6,16.667328,0.006887824
1947,7,13.986755,0.0021947997
1947,8,14.689117,0.002354243
1947,9,17.083435,0.0038854885
1947,10,17.996643,0.005357538
1947,11,20.142517,0.0025806753
1947,12,21.086761,0.005688154
1948,1,22.975952,0.008691646
1948,2,22.611725,0.0071958476
1948,3,21.557404,0.00416609
1948,4,20.12851,0.0046541425
1948,5,16.881683,0.003174215
1948,6,15.823822,0.003513744
1948,7,15.564056,0.005854972
1948,8,14.590179,0.0015347609
1948,9,18.916779,0.0032664612
1948,10,18.291107,0.006023964
1948,11,19.734802,0.0068540378
1948,12,22.29486,0.007576946
1949,1,22.911987,0.006108523
1949,2,22.614624,0.00435088
1949,3,22.444885,0.006065601
1949,4,18.904022,0.00210237
1949,5,16.606201,0.0044253785
1949,6,16.539673,0.0048521324
1949,7,14.432495,0.0032793602
1949,8,14.888306,0.0043689297
1949,9,16.016968,0.004472133
1949,10,17.187958,0.0062455
1949,11,20.410126,0.0026544465
1949,12,22.472687,0.0032315664
1950,1,22.43039,0.0047997786
1950,2,22.966248,0.0055325325
1950,3,22.100525,0.0035905053
1950,4,20.047485,0.003861642
1950,5,17.398193,0.003577006
1950,6,15.464355,0.0067480626
1950,7,13.917511,0.0029555068
1950,8,16.036041,0.00199565
1950,9,16.808868,0.0057688067
1950,10,17.96933,0.004251791
1950,11,20.352142,0.0032063525
1950,12,22.038055,0.0046530464
1951,1,23.266937,0.0062140296
1951,2,22.497986,0.0065691867
1951,3,21.532227,0.003834449
1951,4,18.00174,0.0010198638
1951,5,17.495117,0.0025859433
1951,6,16.269989,0.002948292
1951,7,15.549042,0.0014442324
1951,8,16.001038,0.0024474324
1951,9,17.488983,0.004893586
1951,10,18.488312,0.0055746417
1951,11,21.295776,0.0065697785
1951,12,21.574493,0.004144516
1952,1,23.35028,0.004768004
1952,2,23.041046,0.0061246734
1952,3,23.08319,0.0047684223
1952,4,17.794922,0.001320582
1952,5,17.935028,0.004012012
1952,6,13.602112,0.004303882
1952,7,15.236145,0.0026402473
1952,8,16.55606,0.0024275656
1952,9,16.55481,0.0044127796
1952,10,18.614502,0.0032557421
1952,11,20.380127,0.0020454181
1952,12,23.178955,0.0020570992
1953,1,24.36908,0.004890342
1953,2,23.207,0.003767998
1953,3,22.858154,0.0046862946
1953,4,19.724976,0.0038403894
1953,5,18.086151,0.0033616628
1953,6,17.000519,0.0021719886
1953,7,14.057251,0.0015384019
1953,8,17.423035,0.0031059515
1953,9,18.337921,0.006936312
1953,10,18.760986,0.008602604
1953,11,19.966858,0.0035818582
1953,12,22.128479,0.0029718652
1954,1,23.72525,0.0066705127
1954,2,23.40512,0.0053749625
1954,3,22.03601,0.0045233374
1954,4,19.766022,0.0036914113
1954,5,16.531586,0.004761511
1954,6,15.62381,0.0065794485
1954,7,14.61087,0.0026246782
1954,8,15.724884,0.0025208388
1954,9,17.653503,0.0046862257
1954,10,18.333801,0.0057756533
1954,11,20.962738,0.0016401587
1954,12,22.362793,0.004978752
1955,1,23.22293,0.004326861
1955,2,24.158905,0.0060949433
1955,3,22.089203,0.0053291027
1955,4,19.075684,0.004741114
1955,5,16.144867,0.002594596
1955,6,14.746338,0.0039767125
1955,7,12.439606,0.0025416808
1955,8,13.734924,0.0033201072
1955,9,17.97287,0.0036423383
1955,10,17.804901,0.0045828247
1955,11,20.406158,0.0021786955
1955,12,22.578735,0.0063109035
1956,1,22.988708,0.008318608
1956,2,23.061829,0.004017078
1956,3,22.33786,0.0043080556
1956,4,19.295837,0.0045358106
1956,5,13.756592,0.0022255322
1956,6,13.100311,0.001644972
1956,7,14.217407,0.002563106
1956,8,15.011505,0.0028685844
1956,9,16.759308,0.0022745552
1956,10,19.06247,0.005143444
1956,11,19.62741,0.0028843023
1956,12,22.225708,0.0031922716
1957,1,23.279266,0.006625719
1957,2,21.809845,0.00423377
1957,3,22.18634,0.0029105041
1957,4,18.869202,0.0028036484
1957,5,18.578064,0.0030848645
1957,6,15.805695,0.003982727
1957,7,13.861359,0.0035578266
1957,8,15.219971,0.0035160114
1957,9,15.737854,0.005480264
1957,10,19.578918,0.006030896
1957,11,20.206085,0.005067092
1957,12,22.950134,0.005938033
1958,1,24.142944,0.004563233
1958,2,23.435577,0.00505781
1958,3,21.636871,0.0035661394
1958,4,18.913025,0.0030567334
1958,5,16.366302,0.0033100378
1958,6,15.705994,0.0032234013
1958,7,16.698456,0.0037899376
1958,8,15.126587,0.0041048313
1958,9,17.357971,0.004212133
1958,10,18.82132,0.004728132
1958,11,20.666534,0.0046931133
1958,12,22.267822,0.0058786683
1959,1,23.07605,0.004982507
1959,2,23.558075,0.005650548
1959,3,22.062042,0.0037049116
1959,4,20.875854,0.006988307
1959,5,16.578796,0.0036469006
1959,6,14.136139,0.0046627936
1959,7,16.275452,0.0026876098
1959,8,14.603424,0.003542728
1959,9,17.657593,0.003625328
1959,10,19.78241,0.006124733
1959,11,20.434875,0.0034148898
1959,12,21.991058,0.005039122
1960,1,23.762756,0.0026908407
1960,2,22.745667,0.003612799
1960,3,21.937653,0.0028352488
1960,4,19.133087,0.002738881
1960,5,14.74646,0.0014969963
1960,6,14.653229,0.0041376506
1960,7,14.612793,0.0040991767
1960,8,15.204437,0.0044851485
1960,9,16.498108,0.0034017279
1960,10,19.64801,0.006972555
1960,11,20.006409,0.003818299
1960,12,22.294891,0.0029509289
1961,1,24.040253,0.0044167936
1961,2,23.522552,0.006229313
1961,3,21.546692,0.0050890204
1961,4,19.201996,0.0056831236
1961,5,17.149689,0.0023061223
1961,6,15.196808,0.0022698015
1961,7,15.069336,0.0014629344
1961,8,17.844452,0.001587823
1961,9,18.378845,0.0047770096
1961,10,20.846436,0.0048855348
1961,11,21.013641,0.0052832416
1961,12,22.457306,0.00395043
1962,1,22.672241,0.0036256474
1962,2,22.268646,0.0037316119
1962,3,22.409607,0.004754825
1962,4,19.073761,0.0030583672
1962,5,15.276642,0.0029436767
1962,6,13.825256,0.0012171143
1962,7,11.876343,0.002384373
1962,8,14.324249,0.0015298045
1962,9,17.28653,0.0043212674
1962,10,17.119934,0.0031986635
1962,11,20.827423,0.0029272
1962,12,22.748291,0.0030228773
1963,1,23.533508,0.0073048235
1963,2,23.317139,0.004771955
1963,3,22.69983,0.0059225755
1963,4,20.087616,0.0019734635
1963,5,16.96518,0.0034039544
1963,6,14.635986,0.0026813326
1963,7,15.961578,0.0019945407
1963,8,16.533234,0.0029441225
1963,9,18.818756,0.005194226
1963,10,19.595947,0.004519073
1963,11,20.410828,0.0071360893
1963,12,21.892303,0.0038660225
1964,1,23.256042,0.0015591218
1964,2,23.123749,0.004151913
1964,3,22.178528,0.003455999
1964,4,19.884796,0.0051676473
1964,5,17.104004,0.0012851891
1964,6,13.1206665,0.0023635537
1964,7,12.408356,0.0017862504
1964,8,15.472595,0.004169343
1964,9,17.130066,0.005138105
1964,10,17.69931,0.003792997
1964,11,19.401886,0.0025908053
1964,12,21.518555,0.0035353042
1965,1,23.508636,0.0027056923
1965,2,23.82013,0.0046727085
1965,3,20.2901,0.0029796963
1965,4,19.426453,0.0032164936
1965,5,15.997009,0.0034086772
1965,6,16.487,0.002175751
1965,7,13.473724,0.0032542134
1965,8,15.979218,0.0059757503
1965,9,16.615509,0.0060742362
1965,10,18.95102,0.004823599
1965,11,20.47467,0.003607801
1965,12,22.170624,0.0069812792
1966,1,23.333832,0.004722668
1966,2,22.536743,0.007193386
1966,3,21.821503,0.0043104566
1966,4,19.955902,0.0024599421
1966,5,16.784637,0.001186227
1966,6,16.205292,0.003954664
1966,7,14.997559,0.003674063
1966,8,13.882294,0.0025262376
1966,9,15.755737,0.0043083993
1966,10,18.054108,0.0071194633
1966,11,20.792908,0.0035952216
1966,12,22.137085,0.006763119
1967,1,22.57312,0.007900323
1967,2,22.619629,0.006340809
1967,3,21.314178,0.0055272486
1967,4,19.725677,0.0014780362
1967,5,19.095245,0.0030959316
1967,6,13.757355,0.0035804692
1967,7,15.106903,0.0034495231
1967,8,17.256073,0.00408743
1967,9,18.159454,0.0056779417
1967,10,20.751434,0.0050405185
1967,11,20.729126,0.004598657
1967,12,22.812927,0.0025481463
1968,1,23.343018,0.0057340018
1968,2,23.389038,0.002282892
1968,3,22.381592,0.0035559605
1968,4,16.971039,0.0025181537
1968,5,14.377716,0.0018514058
1968,6,14.873962,0.0018278974
1968,7,15.474945,0.0018437428
1968,8,15.947571,0.0016812071
1968,9,16.245789,0.0044123465
1968,10,19.246338,0.0060618925
1968,11,22.868927,0.0041036773
1968,12,22.902557,0.0057681925
1969,1,23.112732,0.0049884506
1969,2,23.85257,0.00566859
1969,3,22.441345,0.0033935178
1969,4,19.729218,0.0032270907
1969,5,17.749512,0.0038839208
1969,6,15.164886,0.0033614882
1969,7,15.225952,0.0020802638
1969,8,14.7847595,0.0023883914
1969,9,17.821838,0.0054714014
1969,10,17.888641,0.003232368
1969,11,20.937744,0.0068848664
1969,12,22.41623,0.0025289378
1970,1,23.766022,0.0034039398
1970,2,23.865906,0.0042880788
1970,3,22.88269,0.005579541
1970,4,21.011292,0.0021636202
1970,5,17.863586,0.0048465426
1970,6,15.652954,0.005681418
1970,7,14.964203,0.0033265925
1970,8,15.569092,0.0028732028
1970,9,17.257141,0.0030275607
1970,10,18.908417,0.004612948
1970,11,19.29773,0.0024686512
1970,12,22.65387,0.0067487196
1971,1,23.631653,0.0067989775
1971,2,23.518768,0.004954986
1971,3,22.185883,0.0050587603
1971,4,18.325348,0.003354248
1971,5,15.477112,0.0030004242
1971,6,12.988068,0.0050833286
1971,7,14.97702,0.002930004
1971,8,15.634094,0.0037610377
1971,9,18.219421,0.00370859
1971,10,18.60147,0.0028217551
1971,11,21.126007,0.0019753827
1971,12,23.02594,0.0043975734
1972,1,23.559204,0.005136945
1972,2,22.964691,0.005648645
1972,3,22.339294,0.004580223
1972,4,18.823792,0.0028468259
1972,5,18.618835,0.0028952295
1972,6,17.66452,0.0061549596
1972,7,14.496033,0.0049191024
1972,8,15.239655,0.0059537934
1972,9,17.618866,0.0056901453
1972,10,18.120575,0.0061280364
1972,11,20.424988,0.0063073947
1972,12,22.323822,0.0040982454
1973,1,24.12967,0.00742565
1973,2,24.369598,0.0058000404
1973,3,22.591034,0.003501853
1973,4,21.475433,0.0049524317
1973,5,17.115845,0.004712608
1973,6,15.974396,0.0040006274
1973,7,14.760193,0.0047146953
1973,8,14.039001,0.004361131
1973,9,16.248718,0.004559769
1973,10,18.814484,0.0047172243
1973,11,19.663086,0.003244645
1973,12,22.334076,0.0066214516
1974,1,23.727142,0.0061272285
1974,2,23.332336,0.005417585
1974,3,22.188812,0.005552893
1974,4,19.560455,0.0025537137
1974,5,17.469086,0.0041260254
1974,6,13.564972,0.004101933
1974,7,15.834137,0.002008362
1974,8,15.200623,0.0040854756
1974,9,16.875885,0.0030523906
1974,10,18.176575,0.0038594622
1974,11,20.067505,0.0045717238
1974,12,21.654022,0.004843894
1975,1,22.80011,0.0035673575
1975,2,23.592041,0.004805229
1975,3,22.463379,0.0042078393
1975,4,19.51715,0.0028911405
1975,5,17.079254,0.0022501908
1975,6,15.605713,0.002654836
1975,7,13.353546,0.0026986485
1975,8,16.417175,0.004573857
1975,9,17.661987,0.0064596683
1975,10,18.34491,0.0043454813
1975,11,20.18869,0.0048237923
1975,12,22.68991,0.0042966306
1976,1,23.662811,0.006041974
1976,2,22.816345,0.0037218437
1976,3,21.311707,0.004656218
1976,4,18.574371,0.0032414428
1976,5,16.432892,0.004757726
1976,6,13.9921875,0.003067172
1976,7,14.401367,0.0033494001
1976,8,14.703796,0.004126333
1976,9,15.934021,0.003198508
1976,10,18.52127,0.004459724
1976,11,20.561493,0.004389433
1976,12,22.562592,0.0048768762
1977,1,23.71997,0.0069205887
1977,2,24.720276,0.0055777985
1977,3,23.084808,0.0045921043
1977,4,19.405273,0.0033585292
1977,5,16.85495,0.0029531142
1977,6,15.835663,0.0033584381
1977,7,17.533905,0.0054365364
1977,8,15.880554,0.004390883
1977,9,18.80243,0.0041588396
1977,10,20.787506,0.0045660534
1977,11,21.33252,0.005332198
1977,12,22.925598,0.0044068345
1978,1,24.12323,0.004378862
1978,2,23.6922,0.0036911578
1978,3,23.324371,0.004208353
1978,4,18.928467,0.0010960305
1978,5,15.753021,0.0017410755
1978,6,15.031433,0.002701948
1978,7,16.322845,0.004393307
1978,8,14.854095,0.0023865937
1978,9,17.590637,0.003810916
1978,10,20.413788,0.0039693313
1978,11,21.106903,0.004377322
1978,12,23.195496,0.0037334876
1979,1,23.394867,0.0019227233
1979,2,23.980286,0.0045185466
1979,3,21.558258,0.0030372858
1979,4,18.66806,0.0040994873
1979,5,15.726501,0.004814186
1979,6,13.86795,0.0011674257
1979,7,14.349304,0.0036541496
1979,8,17.074158,0.004465645
1979,9,15.967224,0.0053598327
1979,10,19.710785,0.0066421265
1979,11,19.949219,0.004649918
1979,12,22.398712,0.005128866
1980,1,23.221924,0.0047244285
1980,2,23.698029,0.0049700295
1980,3,24.280975,0.004692453
1980,4,21.62674,0.0044140494
1980,5,18.509918,0.0046820026
1980,6,14.533478,0.0042188675
1980,7,14.272644,0.0037301402
1980,8,15.79538,0.0042698947
1980,9,15.106628,0.0041284533
1980,10,19.161865,0.0053598434
1980,11,20.592194,0.0050327466
1980,12,22.90741,0.00604192
1981,1,23.68811,0.0050485255
1981,2,24.25885,0.0045651845
1981,3,22.238342,0.0027495825
1981,4,19.975739,0.0040916125
1981,5,19.601837,0.002036941
1981,6,13.672241,0.003974141
1981,7,14.093262,0.0027230284
1981,8,16.765991,0.0022118583
1981,9,17.07901,0.0056930827
1981,10,18.333801,0.003218953
1981,11,21.551117,0.0044389134
1981,12,22.078552,0.0060597076
1982,1,23.193146,0.0020346232
1982,2,23.263794,0.006783555
1982,3,22.607544,0.0030560407
1982,4,20.283234,0.0014689736
1982,5,17.339905,0.0030616622
1982,6,15.787201,0.007522982
1982,7,15.687439,0.0046038865
1982,8,16.871826,0.004455126
1982,9,18.312775,0.0035048705
1982,10,18.84668,0.0060611367
1982,11,20.364685,0.008330294
1982,12,22.284088,0.0042304485
1983,1,24.39325,0.0050323554
1983,2,23.526794,0.0069142017
1983,3,21.604279,0.0052748085
1983,4,19.948822,0.0064139697
1983,5,17.758087,0.008836585
1983,6,13.179169,0.005471802
1983,7,14.294495,0.008889567
1983,8,15.633087,0.0035010623
1983,9,15.355225,0.005858328
1983,10,19.310791,0.004459269
1983,11,21.031372,0.0046253605
1983,12,23.48941,0.0038257956
1984,1,24.772644,0.005725344
1984,2,25.315033,0.0038007076
1984,3,22.833984,0.0038479515
1984,4,19.095947,0.0053256974
1984,5,18.171967,0.005920226
1984,6,15.0841675,0.005659044
1984,7,15.096405,0.004325133
1984,8,13.78949,0.0049836575
1984,9,16.763916,0.004793743
1984,10,20.780579,0.0034744025
1984,11,20.726044,0.0058096014
1984,12,21.389893,0.0043160203
1985,1,23.666687,0.0025623837
1985,2,23.917908,0.005564117
1985,3,22.746002,0.0048703155
1985,4,20.262146,0.005522618
1985,5,16.99878,0.0036463656
1985,6,15.03656,0.0027736982
1985,7,14.748627,0.0031558003
1985,8,16.16867,0.005044158
1985,9,17.733551,0.0050106267
1985,10,20.180206,0.0029319199
1985,11,22.91449,0.0023738767
1985,12,24.096771,0.0027123739
1986,1,24.981384,0.0045305565
1986,2,23.825989,0.005885503
1986,3,22.091187,0.004653094
1986,4,21.125763,0.00605563
1986,5,17.796722,0.006014249
1986,6,16.797974,0.0036185551
1986,7,15.128601,0.0021937569
1986,8,16.431793,0.00419338
1986,9,17.34134,0.004265285
1986,10,19.038513,0.00398405
1986,11,21.579834,0.00687613
1986,12,23.012054,0.0041499073
1987,1,24.046906,0.005805223
1987,2,23.362976,0.0057399007
1987,3,22.972229,0.0029772057
1987,4,20.862488,0.0063120276
1987,5,14.956451,0.0073991437
1987,6,13.87207,0.003780676
1987,7,17.082642,0.005930706
1987,8,14.984528,0.0053282613
1987,9,16.092194,0.00415914
1987,10,19.027954,0.0053458926
1987,11,21.658234,0.004263076
1987,12,22.575989,0.0049331808
1988,1,24.367096,0.0061667147
1988,2,22.581696,0.004039454
1988,3,24.234894,0.0023564675
1988,4,19.299286,0.0044941274
1988,5,14.8446045,0.0038597086
1988,6,12.997559,0.0033787647
1988,7,13.110901,0.0016726074
1988,8,16.422821,0.0016559358
1988,9,17.379852,0.00491841
1988,10,18.50476,0.004696443
1988,11,21.059204,0.002601746
1988,12,23.697083,0.0036425649
1989,1,23.516083,0.0070077153
1989,2,23.943329,0.0046113343
1989,3,22.676025,0.004072396
1989,4,20.429596,0.0045367256
1989,5,16.702148,0.0020733518
1989,6,14.879456,0.0028720575
1989,7,13.302185,0.0032508327
1989,8,15.908783,0.004838014
1989,9,15.931366,0.005621879
1989,10,18.270416,0.0034146875
1989,11,20.743256,0.003733812
1989,12,23.389435,0.004065994
1990,1,23.963654,0.00647665
1990,2,23.551544,0.005606437
1990,3,22.800446,0.0057896087
1990,4,21.066254,0.007078567
1990,5,15.957153,0.004074175
1990,6,13.585388,0.0037593138
1990,7,12.649475,0.003578989
1990,8,15.866791,0.0029897576
1990,9,15.5911255,0.006269968
1990,10,20.572632,0.0051769624
1990,11,22.355255,0.0059180097
1990,12,22.389893,0.004412848
1991,1,23.44809,0.0042185555
1991,2,23.164246,0.0023166225
1991,3,22.881989,0.0033759952
1991,4,20.238861,0.005133473
1991,5,18.198395,0.0037560407
1991,6,15.449738,0.0055902484
1991,7,14.119537,0.0032389872
1991,8,16.388702,0.002703909
1991,9,18.300873,0.0034545367
1991,10,19.35022,0.0055458946
1991,11,21.032318,0.004346249
1991,12,23.470276,0.006226962
1992,1,23.656616,0.003766072
1992,2,24.093414,0.0058760615
1992,3,22.511444,0.0055016526
1992,4,19.789276,0.0057279943
1992,5,17.013367,0.007517495
1992,6,16.97696,0.0046883933
1992,7,12.580444,0.0041920566
1992,8,14.665344,0.003396833
1992,9,16.654083,0.0045223013
1992,10,19.080353,0.0047904733
1992,11,20.237,0.0039318334
1992,12,22.836609,0.0027154537
1993,1,23.981903,0.006420147
1993,2,22.497742,0.0050264634
1993,3,22.793457,0.0033999514
1993,4,21.177277,0.0030553322
1993,5,17.106476,0.0052414513
1993,6,14.688202,0.0036156462
1993,7,13.647156,0.004584137
1993,8,15.048859,0.0022055774
1993,9,16.024902,0.005150266
1993,10,20.003601,0.005338049
1993,11,21.40503,0.006075748
1993,12,22.739838,0.0053883977
1994,1,23.325562,0.004128289
1994,2,23.255219,0.007946734
1994,3,21.9263,0.0035225742
1994,4,19.819458,0.003965676
1994,5,18.693726,0.00538541
1994,6,15.234833,0.0043481807
1994,7,15.206787,0.005268266
1994,8,15.937256,0.003039747
1994,9,18.447418,0.0034570897
1994,10,20.022491,0.006545772
1994,11,20.987701,0.0053249006
1994,12,24.334229,0.004911679
1995,1,23.930756,0.006946471
1995,2,22.942078,0.006473186
1995,3,22.164215,0.004837182
1995,4,19.115204,0.0031754638
1995,5,16.305328,0.0019199398
1995,6,15.354889,0.0038607519
1995,7,16.485779,0.005573946
1995,8,16.792694,0.003030718
1995,9,17.438293,0.0059341514
1995,10,18.166718,0.0059525957
1995,11,21.73407,0.0028089364
1995,12,23.516235,0.0037197617
1996,1,23.865356,0.007633953
1996,2,23.252533,0.0065552397
1996,3,22.297668,0.0049114726
1996,4,20.657837,0.0040320563
1996,5,17.0961,0.0017383153
1996,6,13.312042,0.0032676007
1996,7,12.615967,0.002000478
1996,8,16.758026,0.003597501
1996,9,16.335938,0.0042805667
1996,10,19.427887,0.0076361527
1996,11,21.657745,0.0036179589
1996,12,23.187256,0.00694273
1997,1,24.474243,0.005666336
1997,2,23.566742,0.006987712
1997,3,22.057678,0.0021475824
1997,4,19.608734,0.0022644163
1997,5,17.328552,0.003012707
1997,6,14.857971,0.006417869
1997,7,16.143158,0.0029776422
1997,8,16.811829,0.0041462486
1997,9,18.061981,0.005210797
1997,10,19.393951,0.009609151
1997,11,21.423218,0.008325311
1997,12,23.322937,0.006950863
1998,1,23.838287,0.0071202423
1998,2,23.147156,0.009275604
1998,3,21.847229,0.0073101567
1998,4,19.786652,0.008512564
1998,5,16.63919,0.004334462
1998,6,14.66037,0.003934016
1998,7,15.884033,0.0046150703
1998,8,16.100433,0.007316371
1998,9,16.582367,0.007490791
1998,10,19.396393,0.0051200427
1998,11,21.229858,0.0028469602
1998,12,22.457489,0.0050805076
1999,1,23.516907,0.0047816522
1999,2,23.411377,0.005387666
1999,3,23.920044,0.0037385002
1999,4,19.069122,0.0056308317
1999,5,15.862366,0.0035815418
1999,6,14.324554,0.0042073955
1999,7,14.448486,0.0040423856
1999,8,15.967926,0.001577075
1999,9,18.165283,0.0041940333
1999,10,18.684692,0.004192165
1999,11,20.222137,0.0028385539
1999,12,23.163391,0.0041613416
2000,1,24.25879,0.0044325492
2000,2,23.516235,0.0046362374
2000,3,22.24588,0.004192685
2000,4,20.772095,0.0036754594
2000,5,16.466492,0.004190793
2000,6,16.398895,0.005131159
2000,7,11.944092,0.0033363313
2000,8,15.342682,0.0037429756
2000,9,16.617035,0.00636649
2000,10,20.134186,0.0060128537
2000,11,20.726624,0.0049837753
2000,12,22.876434,0.005158036
2001,1,24.111542,0.0062942
2001,2,24.462341,0.0063641635
2001,3,23.91397,0.004887245
2001,4,21.214691,0.005656803
2001,5,16.265594,0.0039102505
2001,6,15.661804,0.0038359975
2001,7,15.445862,0.003780338
2001,8,18.353607,0.0020440388
2001,9,17.61908,0.006327746
2001,10,20.232819,0.004771508
2001,11,21.697845,0.005537324
2001,12,22.118256,0.0039260476
2002,1,23.590057,0.005554503
2002,2,22.8219,0.0041137906
2002,3,24.560425,0.0049040047
2002,4,21.444855,0.005236116
2002,5,18.765137,0.0051597315
2002,6,15.750244,0.0037659663
2002,7,14.4644165,0.004082732
2002,8,17.368103,0.0038856983
2002,9,16.51883,0.004791199
2002,10,21.29538,0.0065379217
2002,11,21.708588,0.0061555644
2002,12,23.172668,0.0067361705
2003,1,24.17517,0.0048234286
2003,2,24.32248,0.006936263
2003,3,22.872894,0.0043398826
2003,4,19.8302,0.004239909
2003,5,17.05127,0.002370398
2003,6,17.028778,0.0037871865
2003,7,15.189911,0.0027353
2003,8,14.211884,0.0020490896
2003,9,17.124908,0.003053394
2003,10,19.96109,0.003924409
2003,11,21.143463,0.004512773
2003,12,21.981018,0.006953718
2004,1,23.72116,0.0032703637
2004,2,23.11502,0.002980956
2004,3,22.737488,0.0026277292
2004,4,21.71988,0.003961657
2004,5,15.563477,0.005643615
2004,6,15.842194,0.002854634
2004,7,14.590607,0.0039397604
2004,8,16.0318,0.0016512745
2004,9,18.89331,0.0037115347
2004,10,18.90213,0.0056052143
2004,11,20.611176,0.0053441115
2004,12,22.565979,0.0031708474
2005,1,24.295563,0.004385574
2005,2,23.86206,0.0018995083
2005,3,23.360687,0.0029929515
2005,4,20.51297,0.005170635
2005,5,18.46939,0.004917704
2005,6,18.105713,0.003752178
2005,7,14.925354,0.0022237545
2005,8,17.286377,0.0032692326
2005,9,15.529144,0.006121337
2005,10,19.295868,0.0072689285
2005,11,21.732819,0.0029867839
2005,12,22.57129,0.003077246
2006,1,24.716492,0.0042983904
2006,2,23.898773,0.0039751753
2006,3,23.262909,0.0042782775
2006,4,20.13852,0.0022536567
2006,5,15.475159,0.0018518781
2006,6,16.421112,0.0028997927
2006,7,17.241486,0.002171916
2006,8,16.208588,0.0032570453
2006,9,16.697174,0.0042450386
2006,10,20.726288,0.0036171852
2006,11,21.20868,0.0059571182
2006,12,24.134277,0.004777459
2007,1,24.126007,0.005186257
2007,2,24.064606,0.0051814476
2007,3,23.878632,0.0046490724
2007,4,21.519562,0.00431211
2007,5,15.612579,0.004157439
2007,6,15.414795,0.0027973582
2007,7,12.886139,0.003726342
2007,8,14.86615,0.0034872754
2007,9,19.608368,0.0035699839
2007,10,20.868927,0.004738482
2007,11,20.512695,0.005038091
2007,12,23.369995,0.004387167
2008,1,23.555359,0.0042335605
2008,2,23.432861,0.0052625677
2008,3,22.704132,0.003017625
2008,4,19.673706,0.0042177546
2008,5,16.573883,0.003333651
2008,6,13.937836,0.00369454
2008,7,16.874146,0.0024702726
2008,8,16.252045,0.0043711695
2008,9,16.088867,0.0035391499
2008,10,19.592133,0.006682573
2008,11,21.670654,0.004090088
2008,12,23.010925,0.0025646645
2009,1,22.949615,0.005877596
2009,2,23.76529,0.0050527467
2009,3,23.251617,0.0028564977
2009,4,20.84842,0.0012043209
2009,5,17.917694,0.0036444487
2009,6,13.49408,0.0028462633
2009,7,12.986084,0.0038615237
2009,8,16.463226,0.0040459265
2009,9,17.051392,0.006586995
2009,10,19.141663,0.0051116613
2009,11,23.168701,0.0077063227
2009,12,23.123047,0.0054537826
2010,1,24.039978,0.0063931616
2010,2,24.902435,0.005941124
2010,3,23.07837,0.0043941075
2010,4,19.888184,0.004014345
2010,5,16.653442,0.0044991495
2010,6,15.482178,0.0027616632
2010,7,14.75647,0.0047661248
2010,8,15.103973,0.0015101968
2010,9,17.667542,0.005306933
2010,10,18.18811,0.0040239617
2010,11,20.587585,0.003546247
2010,12,23.01355,0.0057445955
2011,1,24.764557,0.00545614
2011,2,23.931671,0.0076924246
2011,3,22.583954,0.0039681145
2011,4,20.527405,0.0035999673
2011,5,16.81845,0.0017640213
2011,6,14.489624,0.0041332496
2011,7,14.463745,0.004732214
2011,8,15.433807,0.0049847746
2011,9,17.209137,0.0031232384
2011,10,19.57898,0.0057161017
2011,11,21.166626,0.0031995762
2011,12,22.576721,0.003049954
2012,1,23.956451,0.0036595538
2012,2,25.052002,0.0045317435
2012,3,22.741516,0.0023310594
2012,4,19.819885,0.0045177187
2012,5,17.837494,0.0019836389
2012,6,15.204193,0.0041777845
2012,7,13.744019,0.0035369236
2012,8,18.254852,0.0017064506
2012,9,18.725769,0.0030557718
2012,10,20.841003,0.005544492
2012,11,22.391144,0.0023322
2012,12,24.34555,0.0062641767
2013,1,23.330902,0.0033016608
2013,2,23.538391,0.0061020046
2013,3,21.31604,0.005509737
2013,4,19.782349,0.004092243
2013,5,17.040192,0.0039858483
2013,6,15.395935,0.0052433563
2013,7,14.395752,0.002429108
2013,8,14.435364,0.0035570539
2013,9,17.551392,0.0049454966
2013,10,19.52771,0.004188951
2013,11,21.830078,0.0047752736
2013,12,24.294678,0.003032801
2014,1,25.086212,0.005711086
2014,2,24.927887,0.004884171
2014,3,22.175842,0.0055778073
2014,4,20.29422,0.0042248955
2014,5,16.97171,0.0041458146
2014,6,15.762878,0.0068412223
2014,7,15.469788,0.003974452
2014,8,16.86261,0.0021347508
2014,9,18.768707,0.0067786253
2014,10,21.54486,0.003255767
2014,11,22.010986,0.004320142
2014,12,23.22754,0.0058963182
2015,1,24.46225,0.005772453
2015,2,23.882874,0.0051205107
2015,3,22.987152,0.0037488774
2015,4,20.713318,0.0025644512
2015,5,17.888367,0.004690364
2015,6,16.349274,0.0036390743
2015,7,15.649261,0.006465619
2015,8,19.241943,0.0030262007
2015,9,18.393585,0.0063320925
2015,10,19.730011,0.007082371
2015,11,20.899994,0.007580117
2015,12,23.095367,0.008445101
2016,1,24.605927,0.004441028
2016,2,24.798218,0.0058143507
2016,3,22.093018,0.0057226503
2016,4,21.982544,0.005397948
2016,5,15.651611,0.0043192348
2016,6,12.733734,0.0019523948
2016,7,14.811981,0.002806701
2016,8,16.294739,0.0043577715
2016,9,16.539886,0.0023898643
2016,10,19.332764,0.005573053
2016,11,21.085663,0.0033853822
2016,12,23.161469,0.005089176
2017,1,24.321991,0.004988452
2017,2,24.80008,0.004676112
2017,3,22.889618,0.004207018
2017,4,19.939758,0.0049298853
2017,5,18.47879,0.007436105
2017,6,16.223969,0.0035119818
2017,7,16.354034,0.0007794068
2017,8,17.5596,0.004079347
2017,9,20.562378,0.0032117674
2017,10,19.91632,0.0062459833
2017,11,20.730988,0.0044699404
2017,12,23.596771,0.004663292
2018,1,23.828857,0.005851385
2018,2,23.344757,0.0031018227
2018,3,22.941742,0.004617743
2018,4,22.505402,0.0016055414
2018,5,18.411682,0.0028657252
2018,6,14.595062,0.0032339864
2018,7,15.449036,0.0032745346
2018,8,14.647308,0.0033668994
2018,9,18.664825,0.0044232085
2018,10,19.69046,0.005394874
2018,11,22.111511,0.0047693104
2018,12,23.411926,0.0033831664
2019,1,25.14569,0.006082702
2019,2,23.724304,0.004901025
2019,3,22.38919,0.0041892724
2019,4,21.239838,0.004375092
2019,5,18.852325,0.0059546013
2019,6,18.131226,0.0021999106
2019,7,14.633911,0.0028459597
2019,8,15.937897,0.0022481272
2019,9,18.23938,0.003419319
2019,10,21.24884,0.004858345
2019,11,22.455261,0.0041979
2019,12,23.049011,0.0037589683
2020,1,23.969757,0.0043294784
2020,2,23.44461,0.0032821088
2020,3,23.629517,0.0013928481
2020,4,19.655182,0.0016785879
2020,5,16.613586,0.0030370352
2020,6,16.591309,0.0053377063
2020,7,14.628387,0.002792132
2020,8,16.468536,0.0031860315
2020,9,18.62384,0.002996359
2020,10,20.655151,0.0029098187
2020,11,21.630768,0.0027003582
2020,12,23.068085,0.0047983793
2021,1,23.667389,0.007449812
2021,2,23.118744,0.0037749026
2021,3,22.888153,0.0040983185
2021,4,20.45996,0.0014172082
2021,5,16.460999,0.0026065307
2021,6,14.745911,0.004009148
2021,7,13.971558,0.0014294495
2021,8,16.969269,0.0020457045
2021,9,19.275482,0.00432377
2021,10,19.25418,0.0053694868
2021,11,21.858612,0.0028539142
2021,12,23.649475,0.0014165653
2022,1,25.339203,0.003247291
2022,2,24.4664,0.0027000133
2022,3,22.316895,0.0055910787
2022,4,19.789856,0.004852382
2022,5,15.680328,0.0042373454
2022,6,14.014893,0.0034374176
2022,7,17.015808,0.0026818207
2022,8,15.346954,0.0036646
2022,9,15.93042,0.0041484428
2022,10,18.634644,0.0053967554
2022,11,20.397125,0.0027408784
2022,12,23.442688,0.0032556015
2023,1,24.40271,0.0036450003
2023,2,23.531738,0.00512084
2023,3,24.10437,0.0040978617
2023,4,19.857727,0.002898229
2023,5,18.078705,0.002876665
2023,6,16.129028,0.003071643
2023,7,15.944733,0.0035499083
2023,8,17.237122,0.00232099
2023,9,19.332336,0.0067575052
2023,10,19.685669,0.0072797616
2023,11,21.729553,0.00781506
2023,12,23.619873,0.0045465687
2024,1,23.781555,0.0043653813
2024,2,24.901611,0.0037246053
2024,3,23.838287,0.0033780858
2024,4,21.799225,0.0064885393
2024,5,17.289062,0.006616176
2024,6,17.912567,0.0028244315
2024,7,14.334106,0.0023823148
2024,8,16.158844,0.0028529898
2024,9,19.538544,0.0041156956
2024,10,20.834076,0.0039282725
2024,11,22.42871,0.0042808545
2024,12,21.951721,0.00660314
2025,1,24.218445,0.003398105
2025,2,25.468018,0.0038728204
2025,3,23.806854,0.0027138295
